"filename", "language", "C", "Makefile", "C++", "JSON", "Assembly", "Markdown", "YAML", "Shell Script", "pip requirements", "Python", "Log", "comment", "blank", "total"
"d:\ISEL\PFC\SoniqOculos\ESP-IDF\SoniqOculos\Makefile", "Makefile", 0, 2, 0, 0, 0, 0, 0, 0, 0, 0, 0, 4, 4, 10
"d:\ISEL\PFC\SoniqOculos\ESP-IDF\SoniqOculos\build\CMakeFiles\3.16.4\CompilerIdCXX\CMakeCXXCompilerId.cpp", "C++", 0, 0, 496, 0, 0, 0, 0, 0, 0, 0, 0, 52, 113, 661
"d:\ISEL\PFC\SoniqOculos\ESP-IDF\SoniqOculos\build\CMakeFiles\3.16.4\CompilerIdC\CMakeCCompilerId.c", "C", 507, 0, 0, 0, 0, 0, 0, 0, 0, 0, 0, 50, 115, 672
"d:\ISEL\PFC\SoniqOculos\ESP-IDF\SoniqOculos\build\CMakeFiles\CMakeOutput.log", "Log", 0, 0, 0, 0, 0, 0, 0, 0, 0, 0, 351, 0, 144, 495
"d:\ISEL\PFC\SoniqOculos\ESP-IDF\SoniqOculos\build\CMakeFiles\bootloader.dir\Labels.json", "JSON", 0, 0, 0, 43, 0, 0, 0, 0, 0, 0, 0, 0, 0, 43
"d:\ISEL\PFC\SoniqOculos\ESP-IDF\SoniqOculos\build\bootloader\CMakeFiles\3.16.4\CompilerIdCXX\CMakeCXXCompilerId.cpp", "C++", 0, 0, 496, 0, 0, 0, 0, 0, 0, 0, 0, 52, 113, 661
"d:\ISEL\PFC\SoniqOculos\ESP-IDF\SoniqOculos\build\bootloader\CMakeFiles\3.16.4\CompilerIdC\CMakeCCompilerId.c", "C", 507, 0, 0, 0, 0, 0, 0, 0, 0, 0, 0, 50, 115, 672
"d:\ISEL\PFC\SoniqOculos\ESP-IDF\SoniqOculos\build\bootloader\CMakeFiles\CMakeOutput.log", "Log", 0, 0, 0, 0, 0, 0, 0, 0, 0, 0, 351, 0, 144, 495
"d:\ISEL\PFC\SoniqOculos\ESP-IDF\SoniqOculos\build\bootloader\compile_commands.json", "JSON", 0, 0, 0, 457, 0, 0, 0, 0, 0, 0, 0, 0, 90, 547
"d:\ISEL\PFC\SoniqOculos\ESP-IDF\SoniqOculos\build\bootloader\config\kconfig_menus.json", "JSON", 0, 0, 0, 3852, 0, 0, 0, 0, 0, 0, 0, 0, 0, 3852
"d:\ISEL\PFC\SoniqOculos\ESP-IDF\SoniqOculos\build\bootloader\config\sdkconfig.h", "C++", 0, 0, 130, 0, 0, 0, 0, 0, 0, 0, 0, 5, 2, 137
"d:\ISEL\PFC\SoniqOculos\ESP-IDF\SoniqOculos\build\bootloader\config\sdkconfig.json", "JSON", 0, 0, 0, 206, 0, 0, 0, 0, 0, 0, 0, 0, 0, 206
"d:\ISEL\PFC\SoniqOculos\ESP-IDF\SoniqOculos\build\bootloader\project_description.json", "JSON", 0, 0, 0, 20, 0, 0, 0, 0, 0, 0, 0, 0, 1, 21
"d:\ISEL\PFC\SoniqOculos\ESP-IDF\SoniqOculos\build\bootloader\project_elf_src.c", "C", 0, 0, 0, 0, 0, 0, 0, 0, 0, 0, 0, 0, 1, 1
"d:\ISEL\PFC\SoniqOculos\ESP-IDF\SoniqOculos\build\compile_commands.json", "JSON", 0, 0, 0, 5962, 0, 0, 0, 0, 0, 0, 0, 0, 1191, 7153
"d:\ISEL\PFC\SoniqOculos\ESP-IDF\SoniqOculos\build\config\kconfig_menus.json", "JSON", 0, 0, 0, 15908, 0, 0, 0, 0, 0, 0, 0, 0, 0, 15908
"d:\ISEL\PFC\SoniqOculos\ESP-IDF\SoniqOculos\build\config\sdkconfig.h", "C++", 0, 0, 539, 0, 0, 0, 0, 0, 0, 0, 0, 5, 2, 546
"d:\ISEL\PFC\SoniqOculos\ESP-IDF\SoniqOculos\build\config\sdkconfig.json", "JSON", 0, 0, 0, 857, 0, 0, 0, 0, 0, 0, 0, 0, 0, 857
"d:\ISEL\PFC\SoniqOculos\ESP-IDF\SoniqOculos\build\flasher_args.json", "JSON", 0, 0, 0, 24, 0, 0, 0, 0, 0, 0, 0, 0, 1, 25
"d:\ISEL\PFC\SoniqOculos\ESP-IDF\SoniqOculos\build\project_description.json", "JSON", 0, 0, 0, 20, 0, 0, 0, 0, 0, 0, 0, 0, 1, 21
"d:\ISEL\PFC\SoniqOculos\ESP-IDF\SoniqOculos\build\project_elf_src.c", "C", 0, 0, 0, 0, 0, 0, 0, 0, 0, 0, 0, 0, 1, 1
"d:\ISEL\PFC\SoniqOculos\ESP-IDF\SoniqOculos\components\esp-dsp\.gitlab-ci.yml", "YAML", 0, 0, 0, 0, 0, 0, 70, 0, 0, 0, 0, 14, 15, 99
"d:\ISEL\PFC\SoniqOculos\ESP-IDF\SoniqOculos\components\esp-dsp\README.md", "Markdown", 0, 0, 0, 0, 0, 43, 0, 0, 0, 0, 0, 0, 29, 72
"d:\ISEL\PFC\SoniqOculos\ESP-IDF\SoniqOculos\components\esp-dsp\build_examples.sh", "Shell Script", 0, 0, 0, 0, 0, 0, 0, 33, 0, 0, 0, 9, 11, 53
"d:\ISEL\PFC\SoniqOculos\ESP-IDF\SoniqOculos\components\esp-dsp\component.mk", "Makefile", 0, 84, 0, 0, 0, 0, 0, 0, 0, 0, 0, 0, 4, 88
"d:\ISEL\PFC\SoniqOculos\ESP-IDF\SoniqOculos\components\esp-dsp\docs\Makefile", "Makefile", 0, 2, 0, 0, 0, 0, 0, 0, 0, 0, 0, 0, 1, 3
"d:\ISEL\PFC\SoniqOculos\ESP-IDF\SoniqOculos\components\esp-dsp\docs\check_doc_warnings.sh", "Shell Script", 0, 0, 0, 0, 0, 0, 0, 28, 0, 0, 0, 10, 9, 47
"d:\ISEL\PFC\SoniqOculos\ESP-IDF\SoniqOculos\components\esp-dsp\docs\conf.py", "Python", 0, 0, 0, 0, 0, 0, 0, 0, 0, 6, 0, 10, 4, 20
"d:\ISEL\PFC\SoniqOculos\ESP-IDF\SoniqOculos\components\esp-dsp\docs\conf_common.py", "Python", 0, 0, 0, 0, 0, 0, 0, 0, 0, 54, 0, 182, 82, 318
"d:\ISEL\PFC\SoniqOculos\ESP-IDF\SoniqOculos\components\esp-dsp\docs\docs_common.mk", "Makefile", 0, 166, 0, 0, 0, 0, 0, 0, 0, 0, 0, 18, 31, 215
"d:\ISEL\PFC\SoniqOculos\ESP-IDF\SoniqOculos\components\esp-dsp\docs\gen-dxd.py", "Python", 0, 0, 0, 0, 0, 0, 0, 0, 0, 160, 0, 109, 50, 319
"d:\ISEL\PFC\SoniqOculos\ESP-IDF\SoniqOculos\components\esp-dsp\docs\issue_template.md", "Markdown", 0, 0, 0, 0, 0, 53, 0, 0, 0, 0, 0, 0, 28, 81
"d:\ISEL\PFC\SoniqOculos\ESP-IDF\SoniqOculos\components\esp-dsp\docs\link-roles.py", "Python", 0, 0, 0, 0, 0, 0, 0, 0, 0, 36, 0, 2, 9, 47
"d:\ISEL\PFC\SoniqOculos\ESP-IDF\SoniqOculos\components\esp-dsp\docs\local_util.py", "Python", 0, 0, 0, 0, 0, 0, 0, 0, 0, 32, 0, 15, 11, 58
"d:\ISEL\PFC\SoniqOculos\ESP-IDF\SoniqOculos\components\esp-dsp\docs\requirements.txt", "pip requirements", 0, 0, 0, 0, 0, 0, 0, 0, 5, 0, 0, 3, 1, 9
"d:\ISEL\PFC\SoniqOculos\ESP-IDF\SoniqOculos\components\esp-dsp\examples\README.md", "Markdown", 0, 0, 0, 0, 0, 12, 0, 0, 0, 0, 0, 0, 7, 19
"d:\ISEL\PFC\SoniqOculos\ESP-IDF\SoniqOculos\components\esp-dsp\examples\basic_math\Makefile", "Makefile", 0, 4, 0, 0, 0, 0, 0, 0, 0, 0, 0, 7, 6, 17
"d:\ISEL\PFC\SoniqOculos\ESP-IDF\SoniqOculos\components\esp-dsp\examples\basic_math\README.md", "Markdown", 0, 0, 0, 0, 0, 65, 0, 0, 0, 0, 0, 0, 19, 84
"d:\ISEL\PFC\SoniqOculos\ESP-IDF\SoniqOculos\components\esp-dsp\examples\basic_math\main\component.mk", "Makefile", 0, 0, 0, 0, 0, 0, 0, 0, 0, 0, 0, 8, 1, 9
"d:\ISEL\PFC\SoniqOculos\ESP-IDF\SoniqOculos\components\esp-dsp\examples\basic_math\main\dsps_math_main.c", "C", 55, 0, 0, 0, 0, 0, 0, 0, 0, 0, 0, 25, 13, 93
"d:\ISEL\PFC\SoniqOculos\ESP-IDF\SoniqOculos\components\esp-dsp\examples\dotprod\Makefile", "Makefile", 0, 4, 0, 0, 0, 0, 0, 0, 0, 0, 0, 7, 6, 17
"d:\ISEL\PFC\SoniqOculos\ESP-IDF\SoniqOculos\components\esp-dsp\examples\dotprod\README.md", "Markdown", 0, 0, 0, 0, 0, 32, 0, 0, 0, 0, 0, 0, 19, 51
"d:\ISEL\PFC\SoniqOculos\ESP-IDF\SoniqOculos\components\esp-dsp\examples\dotprod\main\component.mk", "Makefile", 0, 0, 0, 0, 0, 0, 0, 0, 0, 0, 0, 8, 1, 9
"d:\ISEL\PFC\SoniqOculos\ESP-IDF\SoniqOculos\components\esp-dsp\examples\dotprod\main\dsps_dotproduct_main.c", "C", 38, 0, 0, 0, 0, 0, 0, 0, 0, 0, 0, 16, 10, 64
"d:\ISEL\PFC\SoniqOculos\ESP-IDF\SoniqOculos\components\esp-dsp\examples\fft4real\Makefile", "Makefile", 0, 4, 0, 0, 0, 0, 0, 0, 0, 0, 0, 7, 6, 17
"d:\ISEL\PFC\SoniqOculos\ESP-IDF\SoniqOculos\components\esp-dsp\examples\fft4real\README.md", "Markdown", 0, 0, 0, 0, 0, 81, 0, 0, 0, 0, 0, 0, 19, 100
"d:\ISEL\PFC\SoniqOculos\ESP-IDF\SoniqOculos\components\esp-dsp\examples\fft4real\main\component.mk", "Makefile", 0, 0, 0, 0, 0, 0, 0, 0, 0, 0, 0, 8, 1, 9
"d:\ISEL\PFC\SoniqOculos\ESP-IDF\SoniqOculos\components\esp-dsp\examples\fft4real\main\dsps_fft4real_main.c", "C", 70, 0, 0, 0, 0, 0, 0, 0, 0, 0, 0, 29, 16, 115
"d:\ISEL\PFC\SoniqOculos\ESP-IDF\SoniqOculos\components\esp-dsp\examples\fft\Makefile", "Makefile", 0, 4, 0, 0, 0, 0, 0, 0, 0, 0, 0, 7, 6, 17
"d:\ISEL\PFC\SoniqOculos\ESP-IDF\SoniqOculos\components\esp-dsp\examples\fft\README.md", "Markdown", 0, 0, 0, 0, 0, 81, 0, 0, 0, 0, 0, 0, 19, 100
"d:\ISEL\PFC\SoniqOculos\ESP-IDF\SoniqOculos\components\esp-dsp\examples\fft\main\component.mk", "Makefile", 0, 0, 0, 0, 0, 0, 0, 0, 0, 0, 0, 8, 1, 9
"d:\ISEL\PFC\SoniqOculos\ESP-IDF\SoniqOculos\components\esp-dsp\examples\fft\main\dsps_fft_main.c", "C", 60, 0, 0, 0, 0, 0, 0, 0, 0, 0, 0, 28, 14, 102
"d:\ISEL\PFC\SoniqOculos\ESP-IDF\SoniqOculos\components\esp-dsp\examples\fft_window\Makefile", "Makefile", 0, 4, 0, 0, 0, 0, 0, 0, 0, 0, 0, 7, 6, 17
"d:\ISEL\PFC\SoniqOculos\ESP-IDF\SoniqOculos\components\esp-dsp\examples\fft_window\README.md", "Markdown", 0, 0, 0, 0, 0, 124, 0, 0, 0, 0, 0, 0, 19, 143
"d:\ISEL\PFC\SoniqOculos\ESP-IDF\SoniqOculos\components\esp-dsp\examples\fft_window\main\component.mk", "Makefile", 0, 0, 0, 0, 0, 0, 0, 0, 0, 0, 0, 8, 1, 9
"d:\ISEL\PFC\SoniqOculos\ESP-IDF\SoniqOculos\components\esp-dsp\examples\fft_window\main\dsps_window_main.c", "C", 90, 0, 0, 0, 0, 0, 0, 0, 0, 0, 0, 33, 19, 142
"d:\ISEL\PFC\SoniqOculos\ESP-IDF\SoniqOculos\components\esp-dsp\examples\iir\Makefile", "Makefile", 0, 4, 0, 0, 0, 0, 0, 0, 0, 0, 0, 7, 6, 17
"d:\ISEL\PFC\SoniqOculos\ESP-IDF\SoniqOculos\components\esp-dsp\examples\iir\README.md", "Markdown", 0, 0, 0, 0, 0, 96, 0, 0, 0, 0, 0, 0, 20, 116
"d:\ISEL\PFC\SoniqOculos\ESP-IDF\SoniqOculos\components\esp-dsp\examples\iir\main\component.mk", "Makefile", 0, 0, 0, 0, 0, 0, 0, 0, 0, 0, 0, 8, 1, 9
"d:\ISEL\PFC\SoniqOculos\ESP-IDF\SoniqOculos\components\esp-dsp\examples\iir\main\dsps_iir_main.c", "C", 68, 0, 0, 0, 0, 0, 0, 0, 0, 0, 0, 31, 14, 113
"d:\ISEL\PFC\SoniqOculos\ESP-IDF\SoniqOculos\components\esp-dsp\examples\matrix\Makefile", "Makefile", 0, 4, 0, 0, 0, 0, 0, 0, 0, 0, 0, 7, 6, 17
"d:\ISEL\PFC\SoniqOculos\ESP-IDF\SoniqOculos\components\esp-dsp\examples\matrix\README.md", "Markdown", 0, 0, 0, 0, 0, 43, 0, 0, 0, 0, 0, 0, 20, 63
"d:\ISEL\PFC\SoniqOculos\ESP-IDF\SoniqOculos\components\esp-dsp\examples\matrix\main\component.mk", "Makefile", 0, 0, 0, 0, 0, 0, 0, 0, 0, 0, 0, 8, 1, 9
"d:\ISEL\PFC\SoniqOculos\ESP-IDF\SoniqOculos\components\esp-dsp\examples\matrix\main\dspm_matrix_main.cpp", "C++", 0, 0, 34, 0, 0, 0, 0, 0, 0, 0, 0, 21, 8, 63
"d:\ISEL\PFC\SoniqOculos\ESP-IDF\SoniqOculos\components\esp-dsp\modules\common\include\dsp_common.h", "C++", 0, 0, 15, 0, 0, 0, 0, 0, 0, 0, 0, 30, 8, 53
"d:\ISEL\PFC\SoniqOculos\ESP-IDF\SoniqOculos\components\esp-dsp\modules\common\include\dsp_err.h", "C++", 0, 0, 6, 0, 0, 0, 0, 0, 0, 0, 0, 13, 4, 23
"d:\ISEL\PFC\SoniqOculos\ESP-IDF\SoniqOculos\components\esp-dsp\modules\common\include\dsp_err_codes.h", "C++", 0, 0, 10, 0, 0, 0, 0, 0, 0, 0, 0, 13, 4, 27
"d:\ISEL\PFC\SoniqOculos\ESP-IDF\SoniqOculos\components\esp-dsp\modules\common\include\dsp_platform.h", "C++", 0, 0, 8, 0, 0, 0, 0, 0, 0, 0, 0, 13, 4, 25
"d:\ISEL\PFC\SoniqOculos\ESP-IDF\SoniqOculos\components\esp-dsp\modules\common\include\dsp_tests.h", "C++", 0, 0, 12, 0, 0, 0, 0, 0, 0, 0, 0, 13, 4, 29
"d:\ISEL\PFC\SoniqOculos\ESP-IDF\SoniqOculos\components\esp-dsp\modules\common\include\esp_dsp.h", "C++", 0, 0, 32, 0, 0, 0, 0, 0, 0, 0, 0, 17, 12, 61
"d:\ISEL\PFC\SoniqOculos\ESP-IDF\SoniqOculos\components\esp-dsp\modules\common\misc\dsps_pwroftwo.cpp", "C++", 0, 0, 14, 0, 0, 0, 0, 0, 0, 0, 0, 13, 3, 30
"d:\ISEL\PFC\SoniqOculos\ESP-IDF\SoniqOculos\components\esp-dsp\modules\common\private_include\dsp_types.h", "C++", 0, 0, 23, 0, 0, 0, 0, 0, 0, 0, 0, 1, 3, 27
"d:\ISEL\PFC\SoniqOculos\ESP-IDF\SoniqOculos\components\esp-dsp\modules\conv\float\dsps_ccorr_f32_ansi.c", "C", 55, 0, 0, 0, 0, 0, 0, 0, 0, 0, 0, 13, 13, 81
"d:\ISEL\PFC\SoniqOculos\ESP-IDF\SoniqOculos\components\esp-dsp\modules\conv\float\dsps_conv_f32_ansi.c", "C", 54, 0, 0, 0, 0, 0, 0, 0, 0, 0, 0, 13, 14, 81
"d:\ISEL\PFC\SoniqOculos\ESP-IDF\SoniqOculos\components\esp-dsp\modules\conv\float\dsps_corr_f32_ansi.c", "C", 24, 0, 0, 0, 0, 0, 0, 0, 0, 0, 0, 13, 3, 40
"d:\ISEL\PFC\SoniqOculos\ESP-IDF\SoniqOculos\components\esp-dsp\modules\conv\include\dsps_ccorr.h", "C++", 0, 0, 23, 0, 0, 0, 0, 0, 0, 0, 0, 31, 9, 63
"d:\ISEL\PFC\SoniqOculos\ESP-IDF\SoniqOculos\components\esp-dsp\modules\conv\include\dsps_conv.h", "C++", 0, 0, 23, 0, 0, 0, 0, 0, 0, 0, 0, 31, 11, 65
"d:\ISEL\PFC\SoniqOculos\ESP-IDF\SoniqOculos\components\esp-dsp\modules\conv\include\dsps_conv_platform.h", "C++", 0, 0, 10, 0, 0, 0, 0, 0, 0, 0, 0, 0, 6, 16
"d:\ISEL\PFC\SoniqOculos\ESP-IDF\SoniqOculos\components\esp-dsp\modules\conv\include\dsps_corr.h", "C++", 0, 0, 23, 0, 0, 0, 0, 0, 0, 0, 0, 31, 9, 63
"d:\ISEL\PFC\SoniqOculos\ESP-IDF\SoniqOculos\components\esp-dsp\modules\conv\test\test_dsps_ccorr_f32_ae32.c", "C", 54, 0, 0, 0, 0, 0, 0, 0, 0, 0, 0, 13, 12, 79
"d:\ISEL\PFC\SoniqOculos\ESP-IDF\SoniqOculos\components\esp-dsp\modules\conv\test\test_dsps_ccorr_f32_ansi.c", "C", 84, 0, 0, 0, 0, 0, 0, 0, 0, 0, 0, 13, 14, 111
"d:\ISEL\PFC\SoniqOculos\ESP-IDF\SoniqOculos\components\esp-dsp\modules\conv\test\test_dsps_conv_f32_ae32.c", "C", 93, 0, 0, 0, 0, 0, 0, 0, 0, 0, 0, 13, 15, 121
"d:\ISEL\PFC\SoniqOculos\ESP-IDF\SoniqOculos\components\esp-dsp\modules\conv\test\test_dsps_conv_f32_ansi.c", "C", 105, 0, 0, 0, 0, 0, 0, 0, 0, 0, 0, 13, 23, 141
"d:\ISEL\PFC\SoniqOculos\ESP-IDF\SoniqOculos\components\esp-dsp\modules\conv\test\test_dsps_corr_f32_ae32.c", "C", 55, 0, 0, 0, 0, 0, 0, 0, 0, 0, 0, 13, 12, 80
"d:\ISEL\PFC\SoniqOculos\ESP-IDF\SoniqOculos\components\esp-dsp\modules\conv\test\test_dsps_corr_f32_ansi.c", "C", 54, 0, 0, 0, 0, 0, 0, 0, 0, 0, 0, 13, 13, 80
"d:\ISEL\PFC\SoniqOculos\ESP-IDF\SoniqOculos\components\esp-dsp\modules\dct\float\dsps_dct_f32.c", "C", 73, 0, 0, 0, 0, 0, 0, 0, 0, 0, 0, 21, 12, 106
"d:\ISEL\PFC\SoniqOculos\ESP-IDF\SoniqOculos\components\esp-dsp\modules\dct\include\dsps_dct.h", "C++", 0, 0, 16, 0, 0, 0, 0, 0, 0, 0, 0, 69, 10, 95
"d:\ISEL\PFC\SoniqOculos\ESP-IDF\SoniqOculos\components\esp-dsp\modules\dct\test\test_dsps_dct_f32.c", "C", 124, 0, 0, 0, 0, 0, 0, 0, 0, 0, 0, 13, 24, 161
"d:\ISEL\PFC\SoniqOculos\ESP-IDF\SoniqOculos\components\esp-dsp\modules\dotprod\fixed\dsps_dotprod_s16_ansi.c", "C", 15, 0, 0, 0, 0, 0, 0, 0, 0, 0, 0, 14, 6, 35
"d:\ISEL\PFC\SoniqOculos\ESP-IDF\SoniqOculos\components\esp-dsp\modules\dotprod\float\dsps_dotprod_f32_ansi.c", "C", 10, 0, 0, 0, 0, 0, 0, 0, 0, 0, 0, 13, 3, 26
"d:\ISEL\PFC\SoniqOculos\ESP-IDF\SoniqOculos\components\esp-dsp\modules\dotprod\float\dsps_dotprode_f32_ansi.c", "C", 10, 0, 0, 0, 0, 0, 0, 0, 0, 0, 0, 13, 3, 26
"d:\ISEL\PFC\SoniqOculos\ESP-IDF\SoniqOculos\components\esp-dsp\modules\dotprod\include\dsps_dotprod.h", "C++", 0, 0, 40, 0, 0, 0, 0, 0, 0, 0, 0, 65, 12, 117
"d:\ISEL\PFC\SoniqOculos\ESP-IDF\SoniqOculos\components\esp-dsp\modules\dotprod\include\dsps_dotprod_platform.h", "C++", 0, 0, 12, 0, 0, 0, 0, 0, 0, 0, 0, 0, 10, 22
"d:\ISEL\PFC\SoniqOculos\ESP-IDF\SoniqOculos\components\esp-dsp\modules\dotprod\test\test_dotprod_f32.c", "C", 128, 0, 0, 0, 0, 0, 0, 0, 0, 0, 0, 13, 23, 164
"d:\ISEL\PFC\SoniqOculos\ESP-IDF\SoniqOculos\components\esp-dsp\modules\dotprod\test\test_dotprod_s16.c", "C", 166, 0, 0, 0, 0, 0, 0, 0, 0, 0, 0, 21, 34, 221
"d:\ISEL\PFC\SoniqOculos\ESP-IDF\SoniqOculos\components\esp-dsp\modules\dotprod\test\test_dotprode_f32.c", "C", 128, 0, 0, 0, 0, 0, 0, 0, 0, 0, 0, 13, 23, 164
"d:\ISEL\PFC\SoniqOculos\ESP-IDF\SoniqOculos\components\esp-dsp\modules\fft\fixed\dsps_fft2r_sc16_ansi.c", "C", 250, 0, 0, 0, 0, 0, 0, 0, 0, 0, 0, 27, 44, 321
"d:\ISEL\PFC\SoniqOculos\ESP-IDF\SoniqOculos\components\esp-dsp\modules\fft\float\dsps_fft2r_bitrev_tables_fc32.c", "C", 560, 0, 0, 0, 0, 0, 0, 0, 0, 0, 0, 13, 18, 591
"d:\ISEL\PFC\SoniqOculos\ESP-IDF\SoniqOculos\components\esp-dsp\modules\fft\float\dsps_fft2r_fc32_ae32.c", "C", 25, 0, 0, 0, 0, 0, 0, 0, 0, 0, 0, 31, 7, 63
"d:\ISEL\PFC\SoniqOculos\ESP-IDF\SoniqOculos\components\esp-dsp\modules\fft\float\dsps_fft2r_fc32_ansi.c", "C", 290, 0, 0, 0, 0, 0, 0, 0, 0, 0, 0, 15, 41, 346
"d:\ISEL\PFC\SoniqOculos\ESP-IDF\SoniqOculos\components\esp-dsp\modules\fft\float\dsps_fft4r_bitrev_tables_fc32.c", "C", 380, 0, 0, 0, 0, 0, 0, 0, 0, 0, 0, 13, 15, 408
"d:\ISEL\PFC\SoniqOculos\ESP-IDF\SoniqOculos\components\esp-dsp\modules\fft\float\dsps_fft4r_fc32_ae32.c", "C", 71, 0, 0, 0, 0, 0, 0, 0, 0, 0, 0, 166, 15, 252
"d:\ISEL\PFC\SoniqOculos\ESP-IDF\SoniqOculos\components\esp-dsp\modules\fft\float\dsps_fft4r_fc32_ansi.c", "C", 270, 0, 0, 0, 0, 0, 0, 0, 0, 0, 0, 22, 40, 332
"d:\ISEL\PFC\SoniqOculos\ESP-IDF\SoniqOculos\components\esp-dsp\modules\fft\include\dsps_fft2r.h", "C++", 0, 0, 71, 0, 0, 0, 0, 0, 0, 0, 0, 135, 27, 233
"d:\ISEL\PFC\SoniqOculos\ESP-IDF\SoniqOculos\components\esp-dsp\modules\fft\include\dsps_fft2r_platform.h", "C++", 0, 0, 14, 0, 0, 0, 0, 0, 0, 0, 0, 0, 14, 28
"d:\ISEL\PFC\SoniqOculos\ESP-IDF\SoniqOculos\components\esp-dsp\modules\fft\include\dsps_fft4r.h", "C++", 0, 0, 54, 0, 0, 0, 0, 0, 0, 0, 0, 101, 19, 174
"d:\ISEL\PFC\SoniqOculos\ESP-IDF\SoniqOculos\components\esp-dsp\modules\fft\include\dsps_fft4r_platform.h", "C++", 0, 0, 15, 0, 0, 0, 0, 0, 0, 0, 0, 0, 15, 30
"d:\ISEL\PFC\SoniqOculos\ESP-IDF\SoniqOculos\components\esp-dsp\modules\fft\include\dsps_fft_tables.h", "C++", 0, 0, 52, 0, 0, 0, 0, 0, 0, 0, 0, 13, 24, 89
"d:\ISEL\PFC\SoniqOculos\ESP-IDF\SoniqOculos\components\esp-dsp\modules\fft\test\test_dsps_fft2r_fc32_ae32.c", "C", 129, 0, 0, 0, 0, 0, 0, 0, 0, 0, 0, 14, 20, 163
"d:\ISEL\PFC\SoniqOculos\ESP-IDF\SoniqOculos\components\esp-dsp\modules\fft\test\test_dsps_fft2r_fc32_ansi.c", "C", 94, 0, 0, 0, 0, 0, 0, 0, 0, 0, 0, 13, 16, 123
"d:\ISEL\PFC\SoniqOculos\ESP-IDF\SoniqOculos\components\esp-dsp\modules\fft\test\test_dsps_fft2r_sc16_ae32.c", "C", 152, 0, 0, 0, 0, 0, 0, 0, 0, 0, 0, 13, 27, 192
"d:\ISEL\PFC\SoniqOculos\ESP-IDF\SoniqOculos\components\esp-dsp\modules\fft\test\test_dsps_fft2r_sc16_ansi.c", "C", 92, 0, 0, 0, 0, 0, 0, 0, 0, 0, 0, 14, 15, 121
"d:\ISEL\PFC\SoniqOculos\ESP-IDF\SoniqOculos\components\esp-dsp\modules\fft\test\test_dsps_fft4r_fc32_ae32.c", "C", 155, 0, 0, 0, 0, 0, 0, 0, 0, 0, 0, 13, 31, 199
"d:\ISEL\PFC\SoniqOculos\ESP-IDF\SoniqOculos\components\esp-dsp\modules\fft\test\test_dsps_fft4r_fc32_ansi.c", "C", 187, 0, 0, 0, 0, 0, 0, 0, 0, 0, 0, 13, 37, 237
"d:\ISEL\PFC\SoniqOculos\ESP-IDF\SoniqOculos\components\esp-dsp\modules\fir\float\dsps_fir_f32_ansi.c", "C", 21, 0, 0, 0, 0, 0, 0, 0, 0, 0, 0, 13, 4, 38
"d:\ISEL\PFC\SoniqOculos\ESP-IDF\SoniqOculos\components\esp-dsp\modules\fir\float\dsps_fir_init_f32.c", "C", 12, 0, 0, 0, 0, 0, 0, 0, 0, 0, 0, 13, 5, 30
"d:\ISEL\PFC\SoniqOculos\ESP-IDF\SoniqOculos\components\esp-dsp\modules\fir\float\dsps_fird_f32_ansi.c", "C", 25, 0, 0, 0, 0, 0, 0, 0, 0, 0, 0, 13, 2, 40
"d:\ISEL\PFC\SoniqOculos\ESP-IDF\SoniqOculos\components\esp-dsp\modules\fir\float\dsps_fird_init_f32.c", "C", 17, 0, 0, 0, 0, 0, 0, 0, 0, 0, 0, 13, 5, 35
"d:\ISEL\PFC\SoniqOculos\ESP-IDF\SoniqOculos\components\esp-dsp\modules\fir\include\dsps_fir.h", "C++", 0, 0, 41, 0, 0, 0, 0, 0, 0, 0, 0, 86, 19, 146
"d:\ISEL\PFC\SoniqOculos\ESP-IDF\SoniqOculos\components\esp-dsp\modules\fir\include\dsps_fir_platform.h", "C++", 0, 0, 9, 0, 0, 0, 0, 0, 0, 0, 0, 0, 6, 15
"d:\ISEL\PFC\SoniqOculos\ESP-IDF\SoniqOculos\components\esp-dsp\modules\fir\test\test_dsps_fir_f32_ae32.c", "C", 88, 0, 0, 0, 0, 0, 0, 0, 0, 0, 0, 17, 24, 129
"d:\ISEL\PFC\SoniqOculos\ESP-IDF\SoniqOculos\components\esp-dsp\modules\fir\test\test_dsps_fir_f32_ansi.c", "C", 79, 0, 0, 0, 0, 0, 0, 0, 0, 0, 0, 17, 23, 119
"d:\ISEL\PFC\SoniqOculos\ESP-IDF\SoniqOculos\components\esp-dsp\modules\fir\test\test_dsps_fird_f32_ae32.c", "C", 76, 0, 0, 0, 0, 0, 0, 0, 0, 0, 0, 16, 21, 113
"d:\ISEL\PFC\SoniqOculos\ESP-IDF\SoniqOculos\components\esp-dsp\modules\fir\test\test_dsps_fird_f32_ansi.c", "C", 67, 0, 0, 0, 0, 0, 0, 0, 0, 0, 0, 16, 21, 104
"d:\ISEL\PFC\SoniqOculos\ESP-IDF\SoniqOculos\components\esp-dsp\modules\iir\biquad\dsps_biquad_f32_ansi.c", "C", 11, 0, 0, 0, 0, 0, 0, 0, 0, 0, 0, 13, 5, 29
"d:\ISEL\PFC\SoniqOculos\ESP-IDF\SoniqOculos\components\esp-dsp\modules\iir\biquad\dsps_biquad_gen_f32.c", "C", 236, 0, 0, 0, 0, 0, 0, 0, 0, 0, 0, 13, 42, 291
"d:\ISEL\PFC\SoniqOculos\ESP-IDF\SoniqOculos\components\esp-dsp\modules\iir\include\dsps_biquad.h", "C++", 0, 0, 23, 0, 0, 0, 0, 0, 0, 0, 0, 32, 11, 66
"d:\ISEL\PFC\SoniqOculos\ESP-IDF\SoniqOculos\components\esp-dsp\modules\iir\include\dsps_biquad_gen.h", "C++", 0, 0, 21, 0, 0, 0, 0, 0, 0, 0, 0, 163, 16, 200
"d:\ISEL\PFC\SoniqOculos\ESP-IDF\SoniqOculos\components\esp-dsp\modules\iir\include\dsps_biquad_platform.h", "C++", 0, 0, 8, 0, 0, 0, 0, 0, 0, 0, 0, 0, 6, 14
"d:\ISEL\PFC\SoniqOculos\ESP-IDF\SoniqOculos\components\esp-dsp\modules\iir\test\test_bq_f32_ae32.c", "C", 64, 0, 0, 0, 0, 0, 0, 0, 0, 0, 0, 24, 14, 102
"d:\ISEL\PFC\SoniqOculos\ESP-IDF\SoniqOculos\components\esp-dsp\modules\iir\test\test_bq_f32_ansi.c", "C", 39, 0, 0, 0, 0, 0, 0, 0, 0, 0, 0, 16, 9, 64
"d:\ISEL\PFC\SoniqOculos\ESP-IDF\SoniqOculos\components\esp-dsp\modules\math\add\fixed\dsps_add_s16_ansi.c", "C", 12, 0, 0, 0, 0, 0, 0, 0, 0, 0, 0, 13, 4, 29
"d:\ISEL\PFC\SoniqOculos\ESP-IDF\SoniqOculos\components\esp-dsp\modules\math\add\float\dsps_add_f32_ansi.c", "C", 11, 0, 0, 0, 0, 0, 0, 0, 0, 0, 0, 13, 4, 28
"d:\ISEL\PFC\SoniqOculos\ESP-IDF\SoniqOculos\components\esp-dsp\modules\math\add\include\dsps_add.h", "C++", 0, 0, 31, 0, 0, 0, 0, 0, 0, 0, 0, 34, 13, 78
"d:\ISEL\PFC\SoniqOculos\ESP-IDF\SoniqOculos\components\esp-dsp\modules\math\add\include\dsps_add_platform.h", "C++", 0, 0, 11, 0, 0, 0, 0, 0, 0, 0, 0, 0, 8, 19
"d:\ISEL\PFC\SoniqOculos\ESP-IDF\SoniqOculos\components\esp-dsp\modules\math\add\test\test_dsps_add_f32_ansi.c", "C", 47, 0, 0, 0, 0, 0, 0, 0, 0, 0, 0, 13, 11, 71
"d:\ISEL\PFC\SoniqOculos\ESP-IDF\SoniqOculos\components\esp-dsp\modules\math\add\test\test_dsps_add_s16_ae32.c", "C", 46, 0, 0, 0, 0, 0, 0, 0, 0, 0, 0, 13, 10, 69
"d:\ISEL\PFC\SoniqOculos\ESP-IDF\SoniqOculos\components\esp-dsp\modules\math\add\test\test_dsps_add_s16_ansi.c", "C", 45, 0, 0, 0, 0, 0, 0, 0, 0, 0, 0, 13, 10, 68
"d:\ISEL\PFC\SoniqOculos\ESP-IDF\SoniqOculos\components\esp-dsp\modules\math\addc\float\dsps_addc_f32_ansi.c", "C", 10, 0, 0, 0, 0, 0, 0, 0, 0, 0, 0, 13, 3, 26
"d:\ISEL\PFC\SoniqOculos\ESP-IDF\SoniqOculos\components\esp-dsp\modules\math\addc\include\dsps_addc.h", "C++", 0, 0, 23, 0, 0, 0, 0, 0, 0, 0, 0, 33, 9, 65
"d:\ISEL\PFC\SoniqOculos\ESP-IDF\SoniqOculos\components\esp-dsp\modules\math\addc\include\dsps_addc_platform.h", "C++", 0, 0, 8, 0, 0, 0, 0, 0, 0, 0, 0, 0, 7, 15
"d:\ISEL\PFC\SoniqOculos\ESP-IDF\SoniqOculos\components\esp-dsp\modules\math\addc\test\test_dsps_addc_f32_ansi.c", "C", 47, 0, 0, 0, 0, 0, 0, 0, 0, 0, 0, 13, 11, 71
"d:\ISEL\PFC\SoniqOculos\ESP-IDF\SoniqOculos\components\esp-dsp\modules\math\include\dsps_math.h", "C++", 0, 0, 9, 0, 0, 0, 0, 0, 0, 0, 0, 13, 3, 25
"d:\ISEL\PFC\SoniqOculos\ESP-IDF\SoniqOculos\components\esp-dsp\modules\math\mul\fixed\dsps_mul_s16_ansi.c", "C", 12, 0, 0, 0, 0, 0, 0, 0, 0, 0, 0, 13, 4, 29
"d:\ISEL\PFC\SoniqOculos\ESP-IDF\SoniqOculos\components\esp-dsp\modules\math\mul\float\dsps_mul_f32_ansi.c", "C", 11, 0, 0, 0, 0, 0, 0, 0, 0, 0, 0, 13, 4, 28
"d:\ISEL\PFC\SoniqOculos\ESP-IDF\SoniqOculos\components\esp-dsp\modules\math\mul\include\dsps_mul.h", "C++", 0, 0, 26, 0, 0, 0, 0, 0, 0, 0, 0, 56, 10, 92
"d:\ISEL\PFC\SoniqOculos\ESP-IDF\SoniqOculos\components\esp-dsp\modules\math\mul\include\dsps_mul_platform.h", "C++", 0, 0, 8, 0, 0, 0, 0, 0, 0, 0, 0, 0, 6, 14
"d:\ISEL\PFC\SoniqOculos\ESP-IDF\SoniqOculos\components\esp-dsp\modules\math\mul\test\test_dsps_mul_f32_ansi.c", "C", 47, 0, 0, 0, 0, 0, 0, 0, 0, 0, 0, 13, 11, 71
"d:\ISEL\PFC\SoniqOculos\ESP-IDF\SoniqOculos\components\esp-dsp\modules\math\mulc\fixed\dsps_mulc_s16_ansi.c", "C", 11, 0, 0, 0, 0, 0, 0, 0, 0, 0, 0, 13, 3, 27
"d:\ISEL\PFC\SoniqOculos\ESP-IDF\SoniqOculos\components\esp-dsp\modules\math\mulc\float\dsps_mulc_f32_ansi.c", "C", 10, 0, 0, 0, 0, 0, 0, 0, 0, 0, 0, 13, 3, 26
"d:\ISEL\PFC\SoniqOculos\ESP-IDF\SoniqOculos\components\esp-dsp\modules\math\mulc\include\dsps_mulc.h", "C++", 0, 0, 31, 0, 0, 0, 0, 0, 0, 0, 0, 33, 11, 75
"d:\ISEL\PFC\SoniqOculos\ESP-IDF\SoniqOculos\components\esp-dsp\modules\math\mulc\include\dsps_mulc_platform.h", "C++", 0, 0, 11, 0, 0, 0, 0, 0, 0, 0, 0, 0, 10, 21
"d:\ISEL\PFC\SoniqOculos\ESP-IDF\SoniqOculos\components\esp-dsp\modules\math\mulc\test\test_dsps_mulc_f32_ansi.c", "C", 47, 0, 0, 0, 0, 0, 0, 0, 0, 0, 0, 13, 10, 70
"d:\ISEL\PFC\SoniqOculos\ESP-IDF\SoniqOculos\components\esp-dsp\modules\math\mulc\test\test_dsps_mulc_s16_ae32.c", "C", 45, 0, 0, 0, 0, 0, 0, 0, 0, 0, 0, 13, 10, 68
"d:\ISEL\PFC\SoniqOculos\ESP-IDF\SoniqOculos\components\esp-dsp\modules\math\mulc\test\test_dsps_mulc_s16_ansi.c", "C", 45, 0, 0, 0, 0, 0, 0, 0, 0, 0, 0, 13, 10, 68
"d:\ISEL\PFC\SoniqOculos\ESP-IDF\SoniqOculos\components\esp-dsp\modules\math\sqrt\float\dsps_sqrt_f32_ansi.c", "C", 28, 0, 0, 0, 0, 0, 0, 0, 0, 0, 0, 13, 9, 50
"d:\ISEL\PFC\SoniqOculos\ESP-IDF\SoniqOculos\components\esp-dsp\modules\math\sqrt\include\dsps_sqrt.h", "C++", 0, 0, 23, 0, 0, 0, 0, 0, 0, 0, 0, 57, 11, 91
"d:\ISEL\PFC\SoniqOculos\ESP-IDF\SoniqOculos\components\esp-dsp\modules\math\sqrt\test\test_dsps_sqrt_f32_ansi.c", "C", 61, 0, 0, 0, 0, 0, 0, 0, 0, 0, 0, 16, 7, 84
"d:\ISEL\PFC\SoniqOculos\ESP-IDF\SoniqOculos\components\esp-dsp\modules\math\sub\float\dsps_sub_f32_ansi.c", "C", 11, 0, 0, 0, 0, 0, 0, 0, 0, 0, 0, 13, 4, 28
"d:\ISEL\PFC\SoniqOculos\ESP-IDF\SoniqOculos\components\esp-dsp\modules\math\sub\include\dsps_sub.h", "C++", 0, 0, 23, 0, 0, 0, 0, 0, 0, 0, 0, 34, 10, 67
"d:\ISEL\PFC\SoniqOculos\ESP-IDF\SoniqOculos\components\esp-dsp\modules\math\sub\include\dsps_sub_platform.h", "C++", 0, 0, 8, 0, 0, 0, 0, 0, 0, 0, 0, 0, 6, 14
"d:\ISEL\PFC\SoniqOculos\ESP-IDF\SoniqOculos\components\esp-dsp\modules\math\sub\test\test_dsps_sub_f32_ansi.c", "C", 47, 0, 0, 0, 0, 0, 0, 0, 0, 0, 0, 13, 9, 69
"d:\ISEL\PFC\SoniqOculos\ESP-IDF\SoniqOculos\components\esp-dsp\modules\matrix\fixed\dspm_mult_s16_ansi.c", "C", 20, 0, 0, 0, 0, 0, 0, 0, 0, 0, 0, 18, 3, 41
"d:\ISEL\PFC\SoniqOculos\ESP-IDF\SoniqOculos\components\esp-dsp\modules\matrix\float\dspm_mult_f32_ansi.c", "C", 14, 0, 0, 0, 0, 0, 0, 0, 0, 0, 0, 16, 4, 34
"d:\ISEL\PFC\SoniqOculos\ESP-IDF\SoniqOculos\components\esp-dsp\modules\matrix\include\dspm_mult.h", "C++", 0, 0, 59, 0, 0, 0, 0, 0, 0, 0, 0, 104, 19, 182
"d:\ISEL\PFC\SoniqOculos\ESP-IDF\SoniqOculos\components\esp-dsp\modules\matrix\include\dspm_mult_platform.h", "C++", 0, 0, 15, 0, 0, 0, 0, 0, 0, 0, 0, 0, 11, 26
"d:\ISEL\PFC\SoniqOculos\ESP-IDF\SoniqOculos\components\esp-dsp\modules\matrix\include\mat.h", "C++", 0, 0, 73, 0, 0, 0, 0, 0, 0, 0, 0, 398, 34, 505
"d:\ISEL\PFC\SoniqOculos\ESP-IDF\SoniqOculos\components\esp-dsp\modules\matrix\mat\mat.cpp", "C++", 0, 0, 578, 0, 0, 0, 0, 0, 0, 0, 0, 45, 90, 713
"d:\ISEL\PFC\SoniqOculos\ESP-IDF\SoniqOculos\components\esp-dsp\modules\matrix\test\test_mat_f32.cpp", "C++", 0, 0, 240, 0, 0, 0, 0, 0, 0, 0, 0, 20, 20, 280
"d:\ISEL\PFC\SoniqOculos\ESP-IDF\SoniqOculos\components\esp-dsp\modules\matrix\test\test_mmult_3x3xx_f32_ae32.c", "C", 138, 0, 0, 0, 0, 0, 0, 0, 0, 0, 0, 16, 36, 190
"d:\ISEL\PFC\SoniqOculos\ESP-IDF\SoniqOculos\components\esp-dsp\modules\matrix\test\test_mmult_4x4xx_f32_ae32.c", "C", 138, 0, 0, 0, 0, 0, 0, 0, 0, 0, 0, 15, 35, 188
"d:\ISEL\PFC\SoniqOculos\ESP-IDF\SoniqOculos\components\esp-dsp\modules\matrix\test\test_mmult_f32_ae32.c", "C", 74, 0, 0, 0, 0, 0, 0, 0, 0, 0, 0, 15, 19, 108
"d:\ISEL\PFC\SoniqOculos\ESP-IDF\SoniqOculos\components\esp-dsp\modules\matrix\test\test_mmult_f32_ansi.c", "C", 87, 0, 0, 0, 0, 0, 0, 0, 0, 0, 0, 15, 17, 119
"d:\ISEL\PFC\SoniqOculos\ESP-IDF\SoniqOculos\components\esp-dsp\modules\matrix\test\test_mmult_s16_ae32.c", "C", 73, 0, 0, 0, 0, 0, 0, 0, 0, 0, 0, 15, 16, 104
"d:\ISEL\PFC\SoniqOculos\ESP-IDF\SoniqOculos\components\esp-dsp\modules\matrix\test\test_mmult_s16_ansi.c", "C", 77, 0, 0, 0, 0, 0, 0, 0, 0, 0, 0, 15, 19, 111
"d:\ISEL\PFC\SoniqOculos\ESP-IDF\SoniqOculos\components\esp-dsp\modules\support\include\dsps_d_gen.h", "C++", 0, 0, 12, 0, 0, 0, 0, 0, 0, 0, 0, 29, 6, 47
"d:\ISEL\PFC\SoniqOculos\ESP-IDF\SoniqOculos\components\esp-dsp\modules\support\include\dsps_h_gen.h", "C++", 0, 0, 12, 0, 0, 0, 0, 0, 0, 0, 0, 29, 7, 48
"d:\ISEL\PFC\SoniqOculos\ESP-IDF\SoniqOculos\components\esp-dsp\modules\support\include\dsps_sfdr.h", "C++", 0, 0, 13, 0, 0, 0, 0, 0, 0, 0, 0, 31, 7, 51
"d:\ISEL\PFC\SoniqOculos\ESP-IDF\SoniqOculos\components\esp-dsp\modules\support\include\dsps_snr.h", "C++", 0, 0, 13, 0, 0, 0, 0, 0, 0, 0, 0, 31, 7, 51
"d:\ISEL\PFC\SoniqOculos\ESP-IDF\SoniqOculos\components\esp-dsp\modules\support\include\dsps_tone_gen.h", "C++", 0, 0, 12, 0, 0, 0, 0, 0, 0, 0, 0, 30, 6, 48
"d:\ISEL\PFC\SoniqOculos\ESP-IDF\SoniqOculos\components\esp-dsp\modules\support\include\dsps_view.h", "C++", 0, 0, 14, 0, 0, 0, 0, 0, 0, 0, 0, 43, 7, 64
"d:\ISEL\PFC\SoniqOculos\ESP-IDF\SoniqOculos\components\esp-dsp\modules\support\misc\dsps_d_gen.c", "C", 15, 0, 0, 0, 0, 0, 0, 0, 0, 0, 0, 13, 2, 30
"d:\ISEL\PFC\SoniqOculos\ESP-IDF\SoniqOculos\components\esp-dsp\modules\support\misc\dsps_h_gen.c", "C", 17, 0, 0, 0, 0, 0, 0, 0, 0, 0, 0, 13, 3, 33
"d:\ISEL\PFC\SoniqOculos\ESP-IDF\SoniqOculos\components\esp-dsp\modules\support\misc\dsps_tone_gen.c", "C", 24, 0, 0, 0, 0, 0, 0, 0, 0, 0, 0, 13, 3, 40
"d:\ISEL\PFC\SoniqOculos\ESP-IDF\SoniqOculos\components\esp-dsp\modules\support\sfdr\float\dsps_sfdr_f32.cpp", "C++", 0, 0, 53, 0, 0, 0, 0, 0, 0, 0, 0, 13, 9, 75
"d:\ISEL\PFC\SoniqOculos\ESP-IDF\SoniqOculos\components\esp-dsp\modules\support\sfdr\test\test_dsps_sfdr_f32.c", "C", 23, 0, 0, 0, 0, 0, 0, 0, 0, 0, 0, 13, 8, 44
"d:\ISEL\PFC\SoniqOculos\ESP-IDF\SoniqOculos\components\esp-dsp\modules\support\snr\float\dsps_snr_f32.cpp", "C++", 0, 0, 57, 0, 0, 0, 0, 0, 0, 0, 0, 13, 9, 79
"d:\ISEL\PFC\SoniqOculos\ESP-IDF\SoniqOculos\components\esp-dsp\modules\support\snr\test\test_dsps_snr_f32.c", "C", 23, 0, 0, 0, 0, 0, 0, 0, 0, 0, 0, 13, 8, 44
"d:\ISEL\PFC\SoniqOculos\ESP-IDF\SoniqOculos\components\esp-dsp\modules\support\view\dsps_view.cpp", "C++", 0, 0, 97, 0, 0, 0, 0, 0, 0, 0, 0, 15, 8, 120
"d:\ISEL\PFC\SoniqOculos\ESP-IDF\SoniqOculos\components\esp-dsp\modules\support\view\test\test_dsps_view.c", "C", 16, 0, 0, 0, 0, 0, 0, 0, 0, 0, 0, 13, 8, 37
"d:\ISEL\PFC\SoniqOculos\ESP-IDF\SoniqOculos\components\esp-dsp\modules\windows\blackman\float\dsps_wind_blackman_f32.c", "C", 13, 0, 0, 0, 0, 0, 0, 0, 0, 0, 0, 13, 4, 30
"d:\ISEL\PFC\SoniqOculos\ESP-IDF\SoniqOculos\components\esp-dsp\modules\windows\blackman\include\dsps_wind_blackman.h", "C++", 0, 0, 11, 0, 0, 0, 0, 0, 0, 0, 0, 22, 5, 38
"d:\ISEL\PFC\SoniqOculos\ESP-IDF\SoniqOculos\components\esp-dsp\modules\windows\blackman_harris\float\dsps_wind_blackman_harris_f32.c", "C", 17, 0, 0, 0, 0, 0, 0, 0, 0, 0, 0, 13, 4, 34
"d:\ISEL\PFC\SoniqOculos\ESP-IDF\SoniqOculos\components\esp-dsp\modules\windows\blackman_harris\include\dsps_wind_blackman_harris.h", "C++", 0, 0, 11, 0, 0, 0, 0, 0, 0, 0, 0, 22, 5, 38
"d:\ISEL\PFC\SoniqOculos\ESP-IDF\SoniqOculos\components\esp-dsp\modules\windows\blackman_nuttall\float\dsps_wind_blackman_nuttall_f32.c", "C", 17, 0, 0, 0, 0, 0, 0, 0, 0, 0, 0, 13, 4, 34
"d:\ISEL\PFC\SoniqOculos\ESP-IDF\SoniqOculos\components\esp-dsp\modules\windows\blackman_nuttall\include\dsps_wind_blackman_nuttall.h", "C++", 0, 0, 11, 0, 0, 0, 0, 0, 0, 0, 0, 22, 5, 38
"d:\ISEL\PFC\SoniqOculos\ESP-IDF\SoniqOculos\components\esp-dsp\modules\windows\flat_top\float\dsps_wind_flat_top_f32.c", "C", 19, 0, 0, 0, 0, 0, 0, 0, 0, 0, 0, 13, 4, 36
"d:\ISEL\PFC\SoniqOculos\ESP-IDF\SoniqOculos\components\esp-dsp\modules\windows\flat_top\include\dsps_wind_flat_top.h", "C++", 0, 0, 11, 0, 0, 0, 0, 0, 0, 0, 0, 22, 5, 38
"d:\ISEL\PFC\SoniqOculos\ESP-IDF\SoniqOculos\components\esp-dsp\modules\windows\hann\float\dsps_wind_hann_f32.c", "C", 10, 0, 0, 0, 0, 0, 0, 0, 0, 0, 0, 13, 3, 26
"d:\ISEL\PFC\SoniqOculos\ESP-IDF\SoniqOculos\components\esp-dsp\modules\windows\hann\include\dsps_wind_hann.h", "C++", 0, 0, 11, 0, 0, 0, 0, 0, 0, 0, 0, 22, 5, 38
"d:\ISEL\PFC\SoniqOculos\ESP-IDF\SoniqOculos\components\esp-dsp\modules\windows\include\dsps_wind.h", "C++", 0, 0, 9, 0, 0, 0, 0, 0, 0, 0, 0, 13, 4, 26
"d:\ISEL\PFC\SoniqOculos\ESP-IDF\SoniqOculos\components\esp-dsp\modules\windows\nuttall\float\dsps_wind_nuttall_f32.c", "C", 17, 0, 0, 0, 0, 0, 0, 0, 0, 0, 0, 13, 4, 34
"d:\ISEL\PFC\SoniqOculos\ESP-IDF\SoniqOculos\components\esp-dsp\modules\windows\nuttall\include\dsps_wind_nuttall.h", "C++", 0, 0, 11, 0, 0, 0, 0, 0, 0, 0, 0, 22, 5, 38
"d:\ISEL\PFC\SoniqOculos\ESP-IDF\SoniqOculos\components\esp-dsp\modules\windows\test\test_wind_f32.c", "C", 74, 0, 0, 0, 0, 0, 0, 0, 0, 0, 0, 14, 15, 103
"d:\ISEL\PFC\SoniqOculos\ESP-IDF\SoniqOculos\components\esp-dsp\test\component.mk", "Makefile", 0, 21, 0, 0, 0, 0, 0, 0, 0, 0, 0, 0, 3, 24
"d:\ISEL\PFC\SoniqOculos\ESP-IDF\SoniqOculos\components\esp-dsp\test\report.inc", "Assembly", 0, 0, 0, 0, 85, 0, 0, 0, 0, 0, 0, 0, 13, 98
"d:\ISEL\PFC\SoniqOculos\ESP-IDF\SoniqOculos\components\esp-dsp\test\test_dsp.c", "C", 164, 0, 0, 0, 0, 0, 0, 0, 0, 0, 0, 17, 48, 229
"d:\ISEL\PFC\SoniqOculos\ESP-IDF\SoniqOculos\components\esp-dsp\test_app\Makefile", "Makefile", 0, 5, 0, 0, 0, 0, 0, 0, 0, 0, 0, 5, 4, 14
"d:\ISEL\PFC\SoniqOculos\ESP-IDF\SoniqOculos\components\esp-dsp\test_app\main\component.mk", "Makefile", 0, 0, 0, 0, 0, 0, 0, 0, 0, 0, 0, 0, 1, 1
"d:\ISEL\PFC\SoniqOculos\ESP-IDF\SoniqOculos\components\esp-dsp\test_app\main\test_app_main.c", "C", 5, 0, 0, 0, 0, 0, 0, 0, 0, 0, 0, 0, 2, 7
"d:\ISEL\PFC\SoniqOculos\ESP-IDF\SoniqOculos\main\bt.c", "C", 201, 0, 0, 0, 0, 0, 0, 0, 0, 0, 0, 33, 34, 268
"d:\ISEL\PFC\SoniqOculos\ESP-IDF\SoniqOculos\main\bt.h", "C++", 0, 0, 10, 0, 0, 0, 0, 0, 0, 0, 0, 0, 8, 18
"d:\ISEL\PFC\SoniqOculos\ESP-IDF\SoniqOculos\main\bt_app_av.c", "C", 314, 0, 0, 0, 0, 0, 0, 0, 0, 0, 0, 59, 26, 399
"d:\ISEL\PFC\SoniqOculos\ESP-IDF\SoniqOculos\main\bt_app_av.h", "C++", 0, 0, 12, 0, 0, 0, 0, 0, 0, 0, 0, 19, 10, 41
"d:\ISEL\PFC\SoniqOculos\ESP-IDF\SoniqOculos\main\bt_app_core.c", "C", 144, 0, 0, 0, 0, 0, 0, 0, 0, 0, 0, 8, 26, 178
"d:\ISEL\PFC\SoniqOculos\ESP-IDF\SoniqOculos\main\bt_app_core.h", "C++", 0, 0, 21, 0, 0, 0, 0, 0, 0, 0, 0, 17, 15, 53
"d:\ISEL\PFC\SoniqOculos\ESP-IDF\SoniqOculos\main\component.mk", "Makefile", 0, 0, 0, 0, 0, 0, 0, 0, 0, 0, 0, 4, 2, 6
"d:\ISEL\PFC\SoniqOculos\ESP-IDF\SoniqOculos\main\gpio.c", "C", 397, 0, 0, 0, 0, 0, 0, 0, 0, 0, 0, 4, 82, 483
"d:\ISEL\PFC\SoniqOculos\ESP-IDF\SoniqOculos\main\gpio.h", "C++", 0, 0, 19, 0, 0, 0, 0, 0, 0, 0, 0, 8, 6, 33
"d:\ISEL\PFC\SoniqOculos\ESP-IDF\SoniqOculos\main\i2s.c", "C", 212, 0, 0, 0, 0, 0, 0, 0, 0, 0, 0, 20, 61, 293
"d:\ISEL\PFC\SoniqOculos\ESP-IDF\SoniqOculos\main\i2s.h", "C++", 0, 0, 29, 0, 0, 0, 0, 0, 0, 0, 0, 15, 16, 60
"d:\ISEL\PFC\SoniqOculos\ESP-IDF\SoniqOculos\main\main.c", "C", 66, 0, 0, 0, 0, 0, 0, 0, 0, 0, 0, 20, 19, 105
"d:\ISEL\PFC\SoniqOculos\ESP-IDF\SoniqOculos\main\main.h", "C++", 0, 0, 40, 0, 0, 0, 0, 0, 0, 0, 0, 17, 17, 74
"d:\ISEL\PFC\SoniqOculos\ESP-IDF\SoniqOculos\main\sd.c", "C", 120, 0, 0, 0, 0, 0, 0, 0, 0, 0, 0, 18, 35, 173
"d:\ISEL\PFC\SoniqOculos\ESP-IDF\SoniqOculos\main\sd.h", "C++", 0, 0, 18, 0, 0, 0, 0, 0, 0, 0, 0, 60, 14, 92
"Total", "-", 9139, 308, 3954, 27349, 85, 630, 70, 61, 5, 288, 702, 4612, 4798, 52001